id,gender,continent,year_born,class,height_cm,weight_kg,height_m,BMI,age
1,Female,Asia,1990,E,497,2930,4.97,118.61915962576263,33
2,Female,Asia,1986,B,504,3263,5.04,128.45647518266566,37
3,Male,Asia,1979,A,518,2804,5.18,104.50052921095394,44
4,Female,Asia,1962,A,505,2354,5.05,92.30467601215568,61
5,Male,Africa,1984,E,359,2899,3.59,224.9361814386915,39
6,Male,Asia,1977,D,447,2342,4.47,117.21193740021722,46
7,Female,Africa,1965,D,422,3034,4.22,170.36903932975451,58
8,Female,Africa,1969,C,427,2285,4.27,125.3229052975665,54
9,Female,Asia,1994,C,412,3286,4.12,193.58563483834482,29
10,Male,Africa,1981,C,392,2383,3.92,155.07861307788423,42
11,Male,Africa,1991,D,424,2473,4.24,137.56007475970094,32
12,Female,Asia,1999,C,404,2956,4.04,181.10969512792863,24
13,Male,Asia,1979,A,415,2679,4.15,155.5523298011322,44
14,Male,Africa,1984,D,355,2585,3.55,205.11803213648088,39
15,Male,Africa,1992,E,366,2050,3.66,153.03532503210008,31
16,Male,Africa,1995,C,417,2488,4.17,143.07978077969278,28
17,Female,Africa,1977,D,327,3058,3.27,285.9841577121267,46
18,Male,Asia,1962,B,431,1991,4.31,107.18073223120032,61
19,Female,Africa,1998,B,380,2210,3.8,153.0470914127424,25
20,Male,Asia,1988,E,459,2743,4.59,130.19683787337254,35
21,Female,Asia,1997,B,498,2157,4.98,86.97440363865098,26
22,Female,Africa,1993,E,376,3090,3.76,218.56609325486647,30
23,Male,Asia,1994,A,522,2548,5.22,93.51007765593577,29
24,Male,Asia,1988,A,432,2799,4.32,149.9807098765432,35
25,Male,Africa,1968,D,389,2919,3.89,192.90118357663508,55
26,Female,Asia,1964,B,480,2419,4.8,104.99131944444444,59
27,Male,Africa,1992,C,326,2525,3.26,237.58891941736613,31
28,Female,Asia,1981,C,452,2299,4.52,112.52838906727233,42
29,Female,Africa,1995,D,351,2329,3.51,189.04067337115774,28
30,Female,Asia,1986,E,515,2512,5.15,94.71203694975962,37
31,Male,Asia,1985,E,469,2157,4.69,98.06283841226399,38
32,Male,Asia,1971,C,497,2041,4.97,82.62856818982306,52
33,Female,Africa,1989,A,323,2224,3.23,213.17179307766776,34
34,Female,Asia,1990,B,490,2375,4.9,98.91711786755516,33
35,Male,Asia,1995,E,486,2335,4.86,98.85857508171179,28
36,Male,Africa,1985,C,338,2696,3.38,235.98613493925285,38
37,Male,Africa,1996,E,400,2535,4.0,158.4375,27
38,Female,Africa,1962,E,321,2947,3.21,286.00265913568387,61
39,Female,Africa,1968,E,436,2818,4.36,148.24088881407286,55
40,Female,Asia,1980,A,400,2786,4.0,174.125,43
41,Male,Asia,1995,D,499,2391,4.99,96.0237107481496,28
42,Female,Asia,1973,E,453,3072,4.53,149.70103650424687,50
43,Male,Asia,1963,B,482,2067,4.82,88.97057557548939,60
44,Female,Asia,1989,C,494,2243,4.94,91.91266862266221,34
45,Female,Asia,1975,A,506,2518,5.06,98.34554515771221,48
46,Male,Africa,1976,D,357,2239,3.57,175.6781143830081,47
47,Female,Africa,1992,E,385,2745,3.85,185.19143194467867,31
48,Male,Africa,1978,E,343,2177,3.43,185.04194680787765,45
49,Female,Asia,1970,E,436,2698,4.36,141.92828886457366,53
50,Male,Asia,1970,D,475,1858,4.75,82.34903047091413,53
51,Female,Africa,1979,D,418,2768,4.18,158.4212815640668,44
52,Female,Asia,1984,E,426,2571,4.26,141.67162600013228,39
53,Male,Asia,1997,B,419,2571,4.19,146.4448254452868,26
54,Female,Africa,1978,A,385,2723,3.85,183.70720188902004,45
55,Female,Asia,1999,E,424,2744,4.24,152.63438946244213,24
56,Male,Asia,1989,A,429,2037,4.29,110.68185893360719,34
57,Female,Africa,1976,C,338,2563,3.38,224.3443857007808,47
58,Male,Asia,1990,A,463,2774,4.63,129.40303868563086,33
59,Female,Asia,1996,C,509,2342,5.09,90.39643972348416,27
60,Male,Asia,1972,C,468,1825,4.68,83.32420191394552,51
61,Female,Asia,1978,E,447,2885,4.47,144.3878904353658,45
62,Male,Asia,1960,A,472,1985,4.72,89.0997558172939,63
63,Male,Asia,1972,A,444,2941,4.44,149.18634851067281,51
64,Female,Asia,1960,C,503,1951,5.03,77.11188139552347,63
65,Female,Africa,1995,B,439,2665,4.39,138.28280260065068,28
66,Male,Africa,1974,A,347,2283,3.47,189.6037671602621,49
67,Male,Africa,1996,E,323,2347,3.23,224.9614201228805,27
68,Female,Asia,1984,C,521,3265,5.21,120.28396594471728,39
69,Female,Africa,1982,A,363,2480,3.63,188.2081521450417,41
70,Female,Africa,1978,C,390,2569,3.9,168.90203813280738,45
71,Female,Africa,1990,E,392,2560,3.92,166.59725114535613,33
72,Male,Asia,1988,C,485,2891,4.85,122.90360293336168,35
73,Female,Africa,1986,E,363,3270,3.63,248.16155544930902,37
74,Male,Africa,1964,E,371,2015,3.71,146.3953327860158,59
75,Male,Africa,1967,E,323,1998,3.23,191.50955151491914,56
76,Female,Asia,1993,E,486,2850,4.86,120.66250063506578,30
77,Female,Asia,1991,A,484,2245,4.84,95.83532545591149,32
78,Male,Asia,1990,C,508,3184,5.08,123.38024676049352,33
79,Female,Africa,1996,D,374,3062,3.74,218.9081758128628,27
80,Male,Africa,1969,A,369,2154,3.69,158.19507788573821,54
81,Male,Africa,1994,B,345,2967,3.45,249.27536231884054,29
82,Male,Asia,1975,B,481,2301,4.81,99.4549643198292,48
83,Male,Africa,1994,A,401,2307,4.01,143.46925703198366,29
84,Male,Africa,1988,E,402,2307,4.02,142.75636741664815,35
85,Male,Asia,1966,E,518,1986,5.18,74.01499679491958,57
86,Male,Asia,1980,A,427,1810,4.27,99.27109785058879,43
87,Female,Africa,1978,A,363,1970,3.63,149.50405634102103,45
88,Female,Asia,1971,A,410,2590,4.1,154.0749553837002,52
89,Female,Asia,1973,A,509,2422,5.09,93.48427711796698,50
90,Female,Africa,1979,D,423,2513,4.23,140.44676938897547,44
91,Male,Asia,1999,B,452,2257,4.52,110.47262902341612,24
92,Female,Asia,1974,D,455,2086,4.55,100.76077768385463,49
93,Female,Africa,1969,C,373,2971,3.73,213.5428271604051,54
94,Male,Asia,1983,B,522,3007,5.22,110.35510341891636,40
95,Female,Africa,1986,D,382,2680,3.82,183.65724623776762,37
96,Male,Africa,1968,D,377,2283,3.77,160.62872460933377,55
97,Female,Asia,1978,A,488,2087,4.88,87.63605213652244,45
98,Male,Africa,1960,E,425,2145,4.25,118.75432525951557,63
99,Female,Africa,1967,E,396,2040,3.96,130.0887664524028,56
100,Male,Africa,1967,E,334,2693,3.34,241.40342070350317,56
101,Male,Africa,1979,A,430,2048,4.3,110.76257436452137,44
102,Female,Africa,1986,A,343,2806,3.43,238.50606464993325,37
103,Female,Asia,1983,E,444,3157,4.44,160.14325135946754,40
104,Male,Africa,1966,C,385,2960,3.85,199.69640748861525,57
105,Male,Asia,1975,C,426,1828,4.26,100.72957305649234,48
106,Male,Asia,1981,C,438,2812,4.38,146.57742749317154,42
107,Female,Africa,1997,E,333,3127,3.33,281.9937054171288,26
108,Female,Africa,1964,B,342,3052,3.42,260.9349885434835,59
109,Male,Asia,1960,B,523,2784,5.23,101.78079837969646,63
110,Male,Africa,1977,B,414,1836,4.14,107.12035286704476,46
111,Male,Asia,1989,E,403,2513,4.03,154.73280421651506,34
112,Male,Africa,1971,D,421,2534,4.21,142.96917756049672,52
113,Female,Asia,1998,C,482,3094,4.82,133.17608167903444,25
114,Male,Africa,1983,B,325,2435,3.25,230.53254437869822,40
115,Female,Africa,1967,D,389,2582,3.89,170.63064610992524,56
116,Male,Africa,1998,D,439,2716,4.39,140.92911514572882,25
117,Female,Asia,1989,C,475,3006,4.75,133.22991689750694,34
118,Male,Asia,1997,C,492,2590,4.92,106.99649679423624,26
119,Male,Africa,1971,B,347,2919,3.47,242.42373908927073,52
120,Male,Asia,1997,A,422,2577,4.22,144.7069922059253,26
121,Female,Africa,1979,B,381,2805,3.81,193.23371980077295,44
122,Female,Asia,1971,A,423,2722,4.23,152.1273801340196,52
123,Male,Africa,1987,A,367,2334,3.67,173.2880933112578,36
124,Female,Asia,1983,C,471,2502,4.71,112.783480060043,40
125,Male,Africa,1993,C,428,2205,4.28,120.37077474015197,30
126,Female,Africa,1965,B,429,1916,4.29,104.10723697436984,58
127,Male,Asia,1993,C,478,3164,4.78,138.47796782269216,30
128,Female,Asia,1979,A,458,2375,4.58,113.22247859499245,44
129,Female,Asia,1965,D,453,2421,4.53,117.97728169817113,58
130,Female,Asia,1963,C,453,2905,4.53,141.5629918765746,60
131,Male,Africa,1982,E,442,2222,4.42,113.73640998341557,41
132,Female,Asia,1978,C,475,1985,4.75,87.97783933518005,45
133,Female,Africa,1993,C,437,2515,4.37,131.6967675381868,30
134,Female,Asia,1978,B,440,2886,4.4,149.07024793388427,45
135,Male,Asia,1962,C,468,2076,4.68,94.78413324567173,61
136,Female,Africa,1990,E,348,2193,3.48,181.08402695204123,33
137,Male,Asia,1993,A,464,2311,4.64,107.34059155766946,30
138,Female,Asia,1961,E,452,2116,4.52,103.57114887618454,62
139,Female,Asia,1978,A,476,2444,4.76,107.86667608219759,45
140,Female,Africa,1977,D,360,2339,3.6,180.47839506172838,46
141,Male,Asia,1964,A,506,2774,5.06,108.34413910543832,59
142,Male,Asia,1982,A,440,2784,4.4,143.80165289256198,41
143,Male,Asia,1998,B,509,2221,5.09,85.72608566432892,25
144,Male,Asia,1978,E,515,2858,5.15,107.75756433217079,45
145,Female,Asia,1976,B,512,2837,5.12,108.22296142578125,47
146,Female,Africa,1998,D,364,2870,3.64,216.6103127641589,25
147,Male,Asia,1980,C,418,2909,4.18,166.4911517593462,43
148,Male,Asia,1981,E,461,2760,4.61,129.8695187769679,42
149,Female,Africa,1965,A,405,1931,4.05,117.72595640908398,58
150,Female,Africa,1999,D,441,2135,4.41,109.77936148004176,24
151,Male,Africa,1978,E,326,2867,3.26,269.7692799879559,45
152,Female,Africa,1995,A,428,2734,4.28,149.24884269368502,28
153,Female,Asia,1996,A,419,2106,4.19,119.9583050905383,27
154,Male,Asia,1998,C,423,2092,4.23,116.91788362981961,25
155,Female,Africa,1965,A,359,2358,3.59,182.95947424368217,58
156,Female,Asia,1968,D,424,2511,4.24,139.67381630473477,55
157,Male,Africa,1989,C,335,2706,3.35,241.1227444865226,34
158,Male,Africa,1990,A,358,2360,3.58,184.139071814238,33
159,Male,Asia,1998,B,399,2334,3.99,146.6071193020144,25
160,Female,Asia,1978,C,479,2018,4.79,87.95289420809708,45
161,Male,Asia,1996,B,475,3076,4.75,136.33240997229916,27
162,Male,Africa,1989,B,354,2252,3.54,179.7057039803377,34
163,Female,Africa,1985,E,414,3214,4.14,187.51896193610122,38
164,Male,Asia,1974,A,487,2087,4.87,87.99632329688956,49
165,Female,Asia,1994,E,465,2146,4.65,99.24846803098623,29
166,Female,Asia,1964,A,403,2880,4.03,177.33007407224966,59
167,Female,Africa,1986,C,373,2550,3.73,183.28314010738234,37
168,Female,Africa,1971,B,392,2821,3.92,183.582361516035,52
169,Male,Asia,1972,A,446,2454,4.46,123.3686581270486,51
170,Female,Africa,1996,C,373,2979,3.73,214.11783309015374,27
171,Female,Asia,1982,C,398,2808,3.98,177.26825080174743,41
172,Male,Asia,1994,A,428,2330,4.28,127.19451480478644,29
173,Male,Africa,1979,C,345,2640,3.45,221.80214240705732,44
174,Male,Africa,1969,E,430,2711,4.3,146.61979448350462,54
175,Female,Asia,1966,E,482,2571,4.82,110.66441693497012,57
176,Male,Africa,1980,B,445,2573,4.45,129.93308925640702,43
177,Male,Asia,1993,E,414,2214,4.14,129.17454316320104,30
178,Male,Asia,1980,E,430,1920,4.3,103.83991346673879,43
179,Female,Asia,1985,A,406,2813,4.06,170.65446868402537,38
180,Male,Africa,1966,B,368,1904,3.68,140.5954631379962,57
181,Female,Asia,1991,E,522,2191,5.22,80.40839095139532,32
182,Female,Asia,1962,B,399,2507,3.99,157.47388521428883,61
183,Male,Africa,1973,D,423,2024,4.23,113.1174935309536,50
184,Female,Asia,1988,B,473,3014,4.73,134.7165544028713,35
185,Male,Asia,1984,B,428,2065,4.28,112.72818586776137,39
186,Male,Africa,1998,E,380,2627,3.8,181.92520775623268,25
187,Male,Asia,1980,E,482,2140,4.82,92.11273910573165,43
188,Male,Africa,1962,A,350,1812,3.5,147.91836734693877,61
189,Female,Africa,1989,E,447,2834,4.47,141.8354528574789,34
190,Male,Africa,1988,B,427,2764,4.27,151.59409638620298,35
191,Male,Asia,1963,A,491,1957,4.91,81.17603626996735,60
192,Male,Africa,1977,E,354,2573,3.54,205.32094864183344,46
193,Male,Asia,1981,D,415,2874,4.15,166.87472782697049,42
194,Male,Asia,1969,A,480,2664,4.8,115.625,54
195,Female,Africa,1969,E,345,2607,3.45,219.0296156269691,54
196,Male,Asia,1994,D,420,3155,4.2,178.85487528344672,29
197,Female,Asia,1978,C,457,2159,4.57,103.3761234193125,45
198,Female,Asia,1985,C,454,2414,4.54,117.11851578722661,38
199,Female,Africa,1991,B,394,2739,3.94,176.44103171944653,32
200,Female,Africa,1994,A,402,2172,4.02,134.40261379668823,29
201,Female,Africa,1988,E,360,2965,3.6,228.78086419753086,35
202,Male,Asia,1977,D,464,2532,4.64,117.60552913198573,46
203,Male,Asia,1998,E,467,2156,4.67,98.85872281499756,25
204,Female,Asia,1982,A,434,2024,4.34,107.45609377986366,41
205,Female,Africa,1989,B,329,2790,3.29,257.75815079313753,34
206,Male,Africa,1985,C,395,2261,3.95,144.91267425092133,38
207,Male,Asia,1974,E,514,2075,5.14,78.5401747187694,49
208,Female,Asia,1999,A,410,2885,4.1,171.62403331350387,24
209,Female,Africa,1968,C,364,1914,3.64,144.45719116048787,55
210,Female,Asia,1979,E,488,3078,4.88,129.2495296963182,44
211,Male,Africa,1960,A,419,2251,4.19,128.21754262051363,63
212,Male,Asia,1979,A,514,2793,5.14,105.7169677057942,44
213,Female,Asia,1998,D,473,2636,4.73,117.82111393695048,25
214,Male,Africa,1960,B,345,2428,3.45,203.99075824406634,63
215,Female,Asia,1964,A,492,2442,4.92,100.88241126313703,59
216,Male,Africa,1975,D,437,2008,4.37,105.14795595096585,48
217,Female,Africa,1975,E,360,2127,3.6,164.12037037037035,48
218,Male,Asia,1983,A,463,2800,4.63,130.61590061995906,40
219,Male,Africa,1962,B,414,1878,4.14,109.57081845550655,61
220,Male,Asia,1986,B,477,2042,4.77,89.74680150662115,37
221,Female,Africa,1972,C,359,2131,3.59,165.34632723209782,51
222,Male,Asia,1979,E,430,2619,4.3,141.64413196322337,44
223,Male,Asia,1971,C,482,2376,4.82,102.27096640898056,52
224,Male,Africa,1996,E,362,3009,3.62,229.61753304233693,27
225,Female,Asia,1966,D,524,2554,5.24,93.01614125050986,57
226,Female,Africa,1988,B,377,2758,3.77,194.04906810010624,35
227,Female,Asia,1987,C,490,3067,4.9,127.73844231570176,36
228,Male,Africa,1986,A,341,2015,3.41,173.28712343375096,37
229,Male,Africa,1981,A,353,2643,3.53,212.1034596216967,42
230,Male,Asia,1978,D,515,2548,5.15,96.06937505891223,45
231,Male,Africa,1995,A,336,2592,3.36,229.5918367346939,28
232,Female,Asia,1975,A,486,2472,4.86,104.65884265609917,48
233,Male,Africa,1999,A,445,2601,4.45,131.34705213988133,24
234,Female,Africa,1987,D,350,2339,3.5,190.9387755102041,36
235,Female,Africa,1996,A,423,2283,4.23,127.59250876045803,27
236,Male,Africa,1971,A,354,2884,3.54,230.1382106035941,52
237,Female,Asia,1981,D,423,3052,4.23,170.5704497314577,42
238,Female,Asia,1977,C,502,2377,5.02,94.32389962064096,46
239,Male,Asia,1987,A,412,3130,4.12,184.3953247242907,36
240,Female,Africa,1974,B,389,2937,3.89,194.0907078330172,49
241,Female,Africa,1970,C,433,2593,4.33,138.30144701822508,53
242,Male,Asia,1967,E,415,2142,4.15,124.37218754536214,56
243,Male,Africa,1978,B,397,2789,3.97,176.9568996694351,45
244,Male,Asia,1972,D,506,2023,5.06,79.01232639160119,51
245,Female,Africa,1973,A,426,2068,4.26,113.95446229804494,50
246,Female,Africa,1983,C,425,2673,4.25,147.98615916955018,40
247,Female,Africa,1999,D,360,2357,3.6,181.86728395061726,24
248,Female,Asia,1996,E,464,2768,4.64,128.56718192627824,27
249,Male,Africa,1983,C,368,2115,3.68,156.17615784499054,40
250,Female,Africa,1987,E,449,2169,4.49,107.58875203992042,36
251,Male,Asia,1989,E,486,2235,4.86,94.62480312960422,34
252,Female,Asia,1971,A,476,2977,4.76,131.39079161076197,52
253,Male,Africa,1968,B,334,2706,3.34,242.56875470615657,55
254,Male,Asia,1969,E,491,2544,4.91,105.52469916749972,54
255,Female,Asia,1989,E,460,2127,4.6,100.51984877126655,34
256,Male,Africa,1997,A,363,2150,3.63,163.16432544832244,26
257,Female,Africa,1965,E,398,2172,3.98,137.11774955177899,58
258,Female,Asia,1983,C,496,2473,4.96,100.52191727367325,40
259,Female,Asia,1992,A,518,2322,5.18,86.53717147925643,31
260,Female,Asia,1993,A,497,3059,4.97,123.84164139768188,30
261,Female,Asia,1963,B,491,2205,4.91,91.46303524541544,60
262,Female,Asia,1992,A,503,2402,5.03,94.93733424502685,31
263,Female,Africa,1970,B,337,2765,3.37,243.46432565224663,53
264,Female,Africa,1980,D,357,2264,3.57,177.6396833243101,43
265,Female,Asia,1977,C,414,2178,4.14,127.07414408737662,46
266,Male,Asia,1977,D,456,2104,4.56,101.18497999384427,46
267,Female,Africa,1993,D,430,3216,4.3,173.93185505678747,30
268,Female,Africa,1973,E,410,1986,4.1,118.14396192742416,50
269,Female,Africa,1978,B,357,2335,3.57,183.21053911760782,45
270,Male,Africa,1982,D,428,2985,4.28,162.95091274347104,41
271,Male,Asia,1995,B,407,2291,4.07,138.30448719883609,28
272,Female,Asia,1991,A,512,2252,5.12,85.906982421875,32
273,Male,Africa,1976,C,369,2483,3.69,182.35765013476694,47
274,Female,Asia,1991,D,469,2858,4.69,129.9321243311314,32
275,Female,Africa,1980,B,368,2158,3.68,159.35137051039698,43
276,Male,Africa,1985,D,444,2009,4.44,101.90934177420662,38
277,Male,Asia,1970,E,478,2887,4.78,126.35458062708986,53
278,Female,Asia,1961,A,500,2612,5.0,104.48,62
279,Female,Africa,1961,E,334,2661,3.34,238.53490623543334,62
280,Female,Asia,1991,E,409,2247,4.09,134.32487849785693,32
281,Female,Asia,1981,D,466,2028,4.66,93.38908434489491,42
282,Male,Africa,1997,D,341,2249,3.41,193.41078938089626,26
283,Female,Asia,1987,E,424,2342,4.24,130.27322890708436,36
284,Female,Asia,1983,D,447,2410,4.47,120.6151875040664,40
285,Male,Africa,1961,E,391,2228,3.91,145.7342639046055,62
286,Female,Asia,1994,E,419,3194,4.19,181.93106669476703,29
287,Female,Asia,1995,A,494,2955,4.94,121.08869183235258,28
288,Male,Asia,1965,D,502,2782,5.02,110.3950730940779,58
289,Female,Asia,1967,A,401,2423,4.01,150.68314251777042,56
290,Male,Africa,1980,E,398,2241,3.98,141.4737001590869,43
291,Female,Africa,1964,C,339,2705,3.39,235.37908650290197,59
292,Female,Africa,1997,A,428,2374,4.28,129.59647130753777,26
293,Male,Asia,1960,C,443,2953,4.43,150.47210431645513,63
294,Male,Africa,1983,E,345,2882,3.45,242.13400546103756,40
295,Female,Africa,1984,E,405,2393,4.05,145.89239445206525,39
296,Male,Asia,1964,D,511,2010,5.11,76.97580815024452,59
297,Female,Asia,1980,B,491,3073,4.91,127.46753165948374,43
298,Male,Africa,1986,B,375,2393,3.75,170.1688888888889,37
299,Male,Asia,1992,D,524,2007,5.24,73.09451663655963,31
300,Female,Africa,1960,C,442,2263,4.42,115.83505661227247,63
301,Female,Africa,1971,D,411,2604,4.11,154.15490081162199,52
302,Male,Africa,1967,C,342,2334,3.42,199.5485790499641,56
303,Female,Asia,1988,A,488,2140,4.88,89.86159634506853,35
304,Male,Africa,1992,C,441,2326,4.41,119.60037227286985,31
305,Female,Asia,1974,B,511,2441,5.11,93.481566017287,49
306,Male,Africa,1969,B,374,2960,3.74,211.61600274528865,54
307,Male,Africa,1991,A,374,2710,3.74,193.7430295404501,32
308,Male,Asia,1988,E,521,2514,5.21,92.61681175651431,35
309,Female,Asia,1997,A,463,2340,4.63,109.1575740895372,26
310,Female,Asia,1974,E,454,2592,4.54,125.75442954452834,49
311,Female,Africa,1964,A,406,2097,4.06,127.21735543206584,59
312,Female,Asia,1977,E,437,1961,4.37,102.68682351585859,46
313,Female,Africa,1989,D,330,3263,3.3,299.63269054178147,34
314,Male,Africa,1990,A,350,3104,3.5,253.3877551020408,33
315,Female,Asia,1962,A,467,2933,4.67,134.48637941390902,61
316,Male,Asia,1966,A,448,1829,4.48,91.12922512755101,57
317,Male,Africa,1988,B,351,2984,3.51,242.20582625141034,35
318,Female,Africa,1974,D,333,2771,3.33,249.88952916880842,49
319,Female,Africa,1989,A,357,2457,3.57,192.78299555116166,34
320,Male,Africa,1970,E,359,2536,3.59,196.77066441135622,53
321,Female,Africa,1969,D,335,2001,3.35,178.30251726442415,54
322,Male,Asia,1976,E,396,2677,3.96,170.70962146719722,47
323,Male,Asia,1970,D,448,2063,4.48,102.78818558673468,53
324,Female,Africa,1975,A,421,2416,4.21,136.31157576407264,48
325,Male,Africa,1979,C,438,1871,4.38,97.52715748212088,44
326,Female,Africa,1976,D,392,2173,3.92,141.41243231986672,47
327,Female,Africa,1991,B,403,2884,4.03,177.57636584179446,32
328,Female,Africa,1983,E,360,2681,3.6,206.86728395061726,40
329,Female,Africa,1974,D,343,2262,3.43,192.26682759734464,49
330,Female,Asia,1963,E,487,2960,4.87,124.80551842778776,60
331,Male,Africa,1984,D,402,3127,4.02,193.49768570084905,39
332,Male,Africa,1983,E,446,3116,4.46,156.6490377847936,40
333,Female,Africa,1979,C,428,2893,4.28,157.92864005590008,44
334,Female,Africa,1995,E,399,2415,3.99,151.6950270412874,28
335,Female,Africa,1972,A,377,2016,3.77,141.84297363662589,51
336,Male,Africa,1963,E,422,1807,4.22,101.46896969969228,60
337,Male,Africa,1983,C,363,2336,3.63,177.27993685920057,40
338,Female,Asia,1983,C,481,3263,4.81,141.03500589987078,40
339,Male,Africa,1972,B,422,2595,4.22,145.7177511736035,51
340,Female,Asia,1985,D,508,3173,5.08,122.95399590799181,38
341,Male,Africa,1969,A,420,2908,4.2,164.85260770975057,54
342,Male,Africa,1964,C,391,2423,3.91,158.4892825138506,59
343,Male,Asia,1978,E,488,2068,4.88,86.83821553345875,45
344,Male,Africa,1982,E,328,2717,3.28,252.54684711481266,41
345,Female,Asia,1971,B,441,2927,4.41,150.50313398223992,52
346,Male,Africa,1981,A,425,1903,4.25,105.35640138408304,42
347,Female,Asia,1966,C,432,2074,4.32,111.13254458161865,57
348,Female,Asia,1998,D,511,3168,5.11,121.32306478605703,25
349,Male,Asia,1983,C,418,2605,4.18,149.09228268583598,40
350,Female,Asia,1963,C,472,3080,4.72,138.25050272910084,60
351,Male,Asia,1998,D,472,3186,4.72,143.0084745762712,25
352,Male,Asia,1962,C,444,2575,4.44,130.62048535021506,61
353,Female,Africa,1998,A,386,3257,3.86,218.5964723885205,25
354,Female,Asia,1993,B,402,2644,4.02,163.60981163832582,30
355,Female,Africa,1978,E,356,2481,3.56,195.76126751672768,45
356,Female,Africa,1994,C,430,2722,4.3,147.2147106544078,29
357,Female,Asia,1966,C,519,2891,5.19,107.32808387257248,57
358,Male,Africa,1986,C,346,2574,3.46,215.00885428848272,37
359,Female,Asia,1969,A,506,2017,5.06,78.77798434595137,54
360,Female,Asia,1975,B,421,1934,4.21,109.1169650363065,48
361,Female,Asia,1977,D,454,2796,4.54,135.65176890682918,46
362,Male,Africa,1962,C,361,1926,3.61,147.78892120226212,61
363,Female,Africa,1963,E,382,1950,3.82,133.63120528494284,60
364,Female,Africa,1960,D,387,1996,3.87,133.27190540098417,63
365,Male,Asia,1979,C,440,2918,4.4,150.72314049586774,44
366,Female,Asia,1963,D,438,2155,4.38,112.33085215070578,60
367,Male,Africa,1990,B,446,3186,4.46,160.16811116250076,33
368,Female,Asia,1977,E,516,2631,5.16,98.81467459888228,46
369,Male,Africa,1982,D,351,2983,3.51,242.12465807907407,41
370,Female,Asia,1963,A,507,2708,5.07,105.34956370186228,60
371,Male,Asia,1997,A,442,2541,4.42,130.06490448598512,26
372,Male,Asia,1962,A,431,2745,4.31,147.77052233784275,61
373,Male,Asia,1971,B,471,2346,4.71,105.75141655510028,52
374,Female,Asia,1999,D,505,2773,5.05,108.73443780021567,24
375,Male,Asia,1964,A,466,2293,4.66,105.59229309804932,59
376,Male,Africa,1963,D,358,2479,3.58,193.42405043537968,60
377,Female,Africa,1992,B,327,3041,3.27,284.39431772484545,31
378,Female,Africa,1970,E,328,2590,3.28,240.74211778703156,53
379,Female,Asia,1992,B,487,2345,4.87,98.8746421328251,31
380,Male,Africa,1989,C,354,3192,3.54,254.71607775543424,34
381,Female,Asia,1979,B,396,3027,3.96,193.02877257422713,44
382,Female,Asia,1995,B,463,2271,4.63,105.93882510997393,28
383,Male,Africa,1992,C,440,2505,4.4,129.39049586776858,31
384,Female,Asia,1988,D,501,2277,5.01,90.71677005270897,35
385,Female,Asia,1966,A,405,2599,4.05,158.45145557079712,57
386,Female,Africa,1968,B,334,1939,3.34,173.81404854960738,55
387,Male,Africa,1989,C,438,2616,4.38,136.36079314442983,34
388,Male,Africa,1986,D,408,2146,4.08,128.91676278354478,37
389,Male,Africa,1965,C,391,2909,3.91,190.27871350919995,58
390,Male,Asia,1962,B,495,1829,4.95,74.64544434241404,61
391,Male,Asia,1990,C,413,2978,4.13,174.59210055754565,33
392,Female,Asia,1981,B,493,2700,4.93,111.08871050693483,42
393,Male,Asia,1976,E,417,2563,4.17,147.39287706525428,47
394,Female,Africa,1984,B,339,2232,3.39,194.22037747670137,39
395,Female,Africa,1960,E,330,2786,3.3,255.8310376492195,63
396,Male,Asia,1977,B,505,2503,5.05,98.14724046662093,46
397,Male,Africa,1961,E,411,2915,4.11,172.56587398843243,62
398,Female,Asia,1970,C,502,2461,5.02,97.65718004476122,53
399,Female,Asia,1977,B,432,2077,4.32,111.29329561042523,46
400,Male,Africa,1997,C,323,2016,3.23,193.23486278982833,26
401,Male,Africa,1991,C,369,2862,3.69,210.1923458258973,32
402,Male,Africa,1962,A,320,1820,3.2,177.73437499999997,61
403,Female,Asia,1963,E,438,2984,4.38,155.5430453910469,60
404,Female,Asia,1996,C,505,2611,5.05,102.38211940005883,27
405,Female,Asia,1972,A,501,2641,5.01,105.21870430795097,51
406,Male,Asia,1984,D,429,2918,4.29,158.5516270830956,39
407,Female,Asia,1960,C,481,2632,4.81,113.76161064310755,63
408,Female,Africa,1982,C,324,2678,3.24,255.1059289742417,41
409,Male,Asia,1973,C,465,2471,4.65,114.2791074112614,50
410,Male,Africa,1964,A,366,2699,3.66,201.484069395921,59
411,Female,Asia,1997,D,484,3250,4.84,138.73710812103,26
412,Female,Asia,1962,E,432,2731,4.32,146.33701989026062,61
413,Female,Africa,1972,C,425,2752,4.25,152.3598615916955,51
414,Female,Asia,1965,B,514,2186,5.14,82.74160093264094,58
415,Male,Asia,1993,E,410,3061,4.1,182.09399167162405,30
416,Male,Africa,1982,B,359,2600,3.59,201.73648559523903,41
417,Female,Asia,1976,D,428,2334,4.28,127.41287448685475,47
418,Female,Asia,1995,A,452,2235,4.52,109.39580233377714,28
419,Male,Africa,1968,D,393,2217,3.93,143.54252860167435,55
420,Male,Asia,1989,A,397,2298,3.97,145.8038563787601,34
421,Female,Asia,1999,C,511,2546,5.11,97.50269032364305,24
422,Female,Asia,1961,C,517,2697,5.17,100.90201991103262,62
423,Male,Africa,1962,A,380,2228,3.8,154.29362880886427,61
424,Male,Asia,1984,C,399,3078,3.99,193.34049409237377,39
425,Female,Asia,1961,D,471,2154,4.71,97.09656916440153,62
426,Male,Africa,1966,C,395,2492,3.95,159.71799391123216,57
427,Male,Africa,1977,A,415,2555,4.15,148.35244592829144,46
428,Male,Asia,1982,A,491,2069,4.91,85.82177774275036,41
429,Male,Asia,1985,D,434,2215,4.34,117.59646626600693,38
430,Female,Asia,1965,D,400,1965,4.0,122.8125,58
431,Male,Africa,1980,B,374,2996,3.74,214.1897108867854,43
432,Female,Africa,1983,C,400,2400,4.0,150.0,40
433,Male,Africa,1963,E,334,2405,3.34,215.58679049087453,60
434,Male,Africa,1979,B,386,2097,3.86,140.742033343177,44
435,Female,Africa,1969,C,344,2646,3.44,223.60059491617093,54
436,Male,Africa,1963,B,338,2352,3.38,205.87514442771615,60
437,Female,Asia,1977,B,494,1974,4.94,80.8897047976528,46
438,Female,Asia,1969,E,398,2485,3.98,156.87735158203074,54
439,Female,Africa,1960,E,447,2774,4.47,138.83258511878844,63
440,Female,Asia,1999,C,436,2498,4.36,131.40728894874167,24
441,Female,Africa,1977,B,416,2768,4.16,159.94822485207098,46
442,Male,Asia,1968,D,477,2343,4.77,102.97588439275874,55
443,Male,Asia,1988,C,398,2942,3.98,185.72763314057724,35
444,Female,Africa,1980,B,332,2727,3.32,247.4052837857454,43
445,Female,Africa,1961,E,346,2531,3.46,211.41702028133247,62
446,Male,Asia,1966,A,439,2595,4.39,134.6506089113278,57
447,Male,Asia,1967,B,416,2906,4.16,167.92252218934908,56
448,Male,Africa,1980,E,436,2814,4.36,148.03046881575622,43
449,Male,Africa,1975,B,377,2462,3.77,173.22291720901435,48
450,Female,Africa,1998,D,401,2406,4.01,149.62593516209478,25
451,Male,Africa,1983,D,429,2016,4.29,109.54080884150814,40
452,Male,Africa,1962,E,439,2634,4.39,136.67425968109342,61
453,Male,Africa,1994,D,330,3181,3.3,292.10284664830124,29
454,Male,Asia,1968,C,427,2996,4.27,164.31834760241105,55
455,Female,Asia,1960,B,431,1992,4.31,107.23456484407386,63
456,Female,Asia,1962,E,451,2115,4.51,103.98178966671748,61
457,Female,Asia,1994,E,522,3128,5.22,114.7957311254973,29
458,Male,Asia,1992,B,476,2096,4.76,92.50759127180284,31
459,Female,Africa,1986,D,437,2177,4.37,113.99755981337285,37
460,Male,Africa,1970,A,375,1925,3.75,136.88888888888889,53
461,Female,Asia,1985,A,499,2485,4.99,99.79879598877112,38
462,Female,Africa,1970,A,353,2236,3.53,179.44129236250996,53
463,Male,Africa,1984,E,378,2251,3.78,157.5403824081073,39
464,Female,Asia,1963,B,470,1951,4.7,88.32050701674964,60
465,Female,Asia,1994,A,512,2518,5.12,96.0540771484375,29
466,Male,Africa,1988,B,391,2096,3.91,137.10009746142424,35
467,Female,Africa,1975,E,386,2224,3.86,149.26575210072755,48
468,Female,Asia,1979,C,514,2749,5.14,104.05153749489017,44
469,Female,Africa,1965,B,349,2545,3.49,208.94738138438927,58
470,Female,Asia,1980,A,446,2201,4.46,110.64972149047838,43
471,Female,Africa,1970,D,330,2489,3.3,228.55831037649222,53
472,Female,Asia,1973,A,483,1912,4.83,81.95842924441358,50
473,Male,Asia,1991,C,494,2945,4.94,120.67891622547491,32
474,Female,Asia,1965,E,465,2637,4.65,121.95629552549427,58
475,Female,Africa,1984,B,329,3092,3.29,285.6588538539001,39
476,Female,Africa,1975,D,348,2137,3.48,176.45990223279165,48
477,Female,Africa,1994,B,421,3272,4.21,184.6073989652507,29
478,Female,Asia,1962,C,471,2210,4.71,99.62089965335532,61
479,Female,Africa,1974,C,349,2794,3.49,229.39056329586782,49
480,Female,Asia,1968,D,425,3095,4.25,171.34948096885813,55
481,Female,Africa,1984,B,367,3238,3.67,240.40567529642362,39
482,Male,Asia,1986,A,439,2022,4.39,104.91850914015599,37
483,Female,Africa,1981,B,385,2252,3.85,151.93118569741944,42
484,Female,Africa,1976,C,413,2829,4.13,165.8566327996295,47
485,Female,Asia,1980,D,488,2687,4.88,112.83089223327063,43
486,Female,Asia,1986,C,515,3015,5.15,113.67706664153076,37
487,Female,Asia,1965,E,511,2426,5.11,92.90711968780757,58
488,Female,Africa,1973,A,353,2514,3.53,201.75107737001343,50
489,Female,Asia,1981,A,489,2355,4.89,98.48570389049897,42
490,Male,Africa,1978,B,400,1960,4.0,122.5,45
491,Male,Asia,1985,A,432,2049,4.32,109.79295267489711,38
492,Female,Africa,1999,C,442,3178,4.42,162.67070698798142,24
493,Male,Africa,1967,E,426,2442,4.26,134.56324803279776,56
494,Male,Africa,1992,B,370,2841,3.7,207.52373995617236,31
495,Female,Africa,1985,C,347,2676,3.47,222.24252339941364,38
496,Female,Asia,1975,E,452,2714,4.52,132.84125616728016,48
497,Female,Asia,1967,A,422,2607,4.22,146.39159048538892,56
498,Female,Asia,1997,C,502,2693,5.02,106.86338312090287,26
499,Female,Africa,1975,D,362,2243,3.62,171.16388388632825,48
500,Female,Africa,1984,B,340,3259,3.4,281.92041522491354,39
501,Female,Africa,1994,E,430,2643,4.3,142.9421308815576,29
502,Female,Asia,1984,E,467,2627,4.67,120.4554104058435,39
503,Female,Africa,1994,C,322,2627,3.22,253.36599668222675,29
504,Male,Asia,1983,B,506,2782,5.06,108.65659516630475,40
505,Female,Africa,1976,C,344,2757,3.44,232.98066522444566,47
506,Male,Asia,1978,C,460,2323,4.6,109.78260869565219,45
507,Female,Africa,1980,A,432,2231,4.32,119.54518175582989,43
508,Male,Asia,1984,C,395,2625,3.95,168.24226886716872,39
509,Male,Africa,1998,B,371,3057,3.71,222.09951976518627,25
510,Female,Africa,1966,A,380,1980,3.8,137.11911357340722,57
511,Female,Asia,1968,A,434,3033,4.34,161.024867803521,55
512,Male,Africa,1995,A,349,2507,3.49,205.827538361754,28
513,Male,Africa,1983,C,437,2374,4.37,124.31337023286501,40
514,Male,Asia,1976,B,422,1881,4.22,105.62431212236922,47
515,Female,Africa,1999,C,380,2901,3.8,200.90027700831027,24
516,Female,Asia,1980,A,474,2979,4.74,132.5909309405544,43
517,Male,Asia,1990,A,408,2391,4.08,143.63465974625143,33
518,Female,Asia,1966,E,510,2917,5.1,112.14917339484815,57
519,Female,Africa,1977,D,345,2589,3.45,217.5173282923755,46
520,Female,Asia,1984,C,522,2243,5.22,82.31675988314912,39
521,Male,Asia,1981,B,465,2990,4.65,138.2818822985316,42
522,Male,Africa,1981,A,376,2997,3.76,211.9878904481666,42
523,Male,Asia,1966,D,432,2452,4.32,131.38717421124827,57
524,Female,Asia,1977,C,479,2620,4.79,114.19057622656806,46
525,Male,Africa,1999,C,330,2221,3.3,203.94857667584944,24
526,Male,Asia,1998,A,504,2525,5.04,99.40318720080624,25
527,Male,Africa,1969,B,331,2857,3.31,260.7679740053486,54
528,Female,Africa,1975,C,331,1954,3.31,178.34813482899935,48
529,Female,Asia,1978,E,428,2805,4.28,153.1247270503974,45
530,Female,Asia,1987,D,511,3181,5.11,121.82091827160588,36
531,Female,Africa,1996,A,416,2877,4.16,166.24676405325442,27
532,Male,Asia,1977,B,472,2236,4.72,100.36627405917841,46
533,Female,Asia,1978,D,436,2994,4.36,157.49936874000502,45
534,Female,Africa,1976,E,371,2318,3.71,168.40912228187824,47
535,Female,Asia,1978,B,443,2777,4.43,141.50390575238603,45
536,Male,Asia,1989,A,452,2745,4.52,134.3586028663169,34
537,Male,Africa,1983,B,348,2351,3.48,194.13066455278107,40
538,Female,Africa,1990,D,394,2757,3.94,177.6005565719292,33
539,Female,Asia,1989,D,463,2274,4.63,106.07877071778103,34
540,Male,Asia,1993,D,415,2230,4.15,129.4817825518943,30
541,Male,Asia,1964,E,493,2981,4.93,122.65016519302694,59
542,Male,Asia,1982,C,454,2309,4.54,112.02429699780707,41
543,Female,Asia,1997,C,471,3160,4.71,142.44436330525016,26
544,Male,Africa,1962,D,380,2079,3.8,143.97506925207756,61
545,Male,Africa,1991,E,375,2173,3.75,154.52444444444444,32
546,Male,Africa,1967,D,447,2815,4.47,140.88454474022691,56
547,Male,Africa,1963,B,349,2313,3.49,189.89991871987914,60
548,Female,Africa,1981,C,430,2679,4.3,144.88912925905896,42
549,Male,Africa,1980,B,437,2987,4.37,156.4128209290513,43
550,Male,Africa,1975,C,327,2027,3.27,189.5650384834797,48
551,Female,Asia,1971,C,410,2911,4.1,173.1707317073171,52
552,Male,Asia,1968,A,403,2783,4.03,171.35749866078848,55
553,Male,Africa,1984,E,398,2795,3.98,176.44756445544303,39
554,Male,Asia,1991,B,406,2768,4.06,167.9244825159553,32
555,Female,Africa,1995,E,372,2591,3.72,187.23262804948547,28
556,Male,Africa,1978,D,422,2314,4.22,129.93868062262754,45
557,Female,Asia,1972,B,502,2057,5.02,81.62568848113524,51
558,Male,Africa,1984,B,378,2841,3.78,198.8326194675401,39
559,Male,Asia,1995,D,522,2522,5.22,92.55589319005888,28
560,Male,Africa,1970,A,321,2691,3.21,261.15817975369026,53
561,Female,Africa,1978,E,400,3028,4.0,189.25,45
562,Female,Asia,1994,D,458,2412,4.58,114.98636562994602,29
563,Female,Africa,1993,B,370,2377,3.7,173.63038714390063,30
564,Male,Africa,1999,D,367,2487,3.67,184.6475955720215,24
565,Female,Asia,1966,C,515,2097,5.15,79.0649448581393,57
566,Male,Asia,1998,A,515,2631,5.15,99.1987934772363,25
567,Female,Asia,1985,A,482,2993,4.82,128.82870473993216,38
568,Female,Asia,1975,A,501,2885,5.01,114.9397811164099,48
569,Female,Asia,1980,D,498,1982,4.98,79.91806583764777,43
570,Female,Asia,1981,B,457,3081,4.57,147.52285143812034,42
571,Male,Asia,1969,C,419,2864,4.19,163.1341812817197,54
572,Female,Africa,1960,B,333,2222,3.33,200.38056074092108,63
573,Female,Africa,1976,C,433,2027,4.33,108.1130092965454,47
574,Male,Asia,1960,E,517,2994,5.17,112.0135882883321,63
575,Male,Africa,1977,E,373,2899,3.73,208.36777379266724,46
576,Male,Africa,1969,B,322,2785,3.22,268.6046063037691,54
577,Male,Africa,1982,B,361,1876,3.61,143.95224100490327,41
578,Female,Asia,1998,D,456,2732,4.56,131.3865804863035,25
579,Female,Asia,1993,A,425,3067,4.25,169.7993079584775,30
580,Male,Asia,1993,A,490,2347,4.9,97.75093710953767,30
581,Female,Africa,1996,C,349,3267,3.49,268.2243988144596,27
582,Male,Asia,1990,D,484,3041,4.84,129.81524486032376,33
583,Male,Africa,1988,D,399,2002,3.99,125.7529789385745,35
584,Female,Africa,1999,A,432,2717,4.32,145.58684842249656,24
585,Male,Africa,1982,A,360,2479,3.6,191.28086419753086,41
586,Male,Africa,1996,A,416,2203,4.16,127.29983357988165,27
587,Female,Africa,1976,C,324,2692,3.24,256.43956713915554,47
588,Male,Africa,1987,A,408,2816,4.08,169.16570549788543,36
589,Female,Asia,1987,E,466,2739,4.66,126.13052367882996,36
590,Male,Asia,1982,A,504,2905,5.04,114.36287477954144,41
591,Male,Asia,1969,B,469,2910,4.69,132.29617977732414,54
592,Female,Asia,1972,A,436,2911,4.36,153.13315377493475,51
593,Male,Africa,1969,D,344,2123,3.44,179.40440778799353,54
594,Female,Asia,1998,B,476,2990,4.76,131.9645505260928,25
595,Male,Africa,1975,B,440,2746,4.4,141.8388429752066,48
596,Male,Africa,1994,E,411,2366,4.11,140.06547439335546,29
597,Male,Asia,1974,E,416,2567,4.16,148.33348742603548,49
598,Male,Africa,1992,A,385,2637,3.85,177.90521167144541,31
599,Female,Africa,1977,A,339,2840,3.39,247.1262867535089,46
600,Female,Asia,1991,D,456,3100,4.56,149.08433364112037,32
601,Female,Africa,1994,E,340,2268,3.4,196.1937716262976,29
602,Male,Africa,1970,D,379,2107,3.79,146.68513864425896,53
603,Female,Asia,1982,B,524,3090,5.24,112.5371481848377,41
604,Female,Africa,1993,A,365,2643,3.65,198.38618877838243,30
605,Male,Asia,1969,C,496,2812,4.96,114.30150884495316,54
606,Male,Asia,1970,B,516,2804,5.16,105.31218075836787,53
607,Female,Asia,1988,D,510,2151,5.1,82.69896193771626,35
608,Male,Africa,1978,B,422,2142,4.22,120.28031715370275,45
609,Female,Africa,1998,B,446,2766,4.46,139.05367089625773,25
610,Female,Asia,1968,E,458,2030,4.58,96.77542380961461,55
611,Male,Africa,1964,A,358,2424,3.58,189.13267376174278,59
612,Female,Africa,1975,A,361,2525,3.61,193.7523499666209,48
613,Female,Africa,1967,D,336,2475,3.36,219.22831632653063,56
614,Female,Asia,1963,B,513,2183,5.13,82.95049948892157,60
615,Male,Asia,1976,E,512,1962,5.12,74.8443603515625,47
616,Female,Africa,1964,E,391,2390,3.91,156.3307409030553,59
617,Male,Asia,1988,B,424,3013,4.24,167.59745461018153,35
618,Female,Asia,1991,E,465,3043,4.65,140.7330327205457,32
619,Female,Africa,1992,D,320,2442,3.2,238.47656249999994,31
620,Female,Asia,1997,A,435,2317,4.35,122.44682256572865,26
621,Male,Asia,1964,B,418,2716,4.18,155.4451592225453,59
622,Male,Africa,1998,C,324,3051,3.24,290.6378600823045,25
623,Female,Asia,1998,D,419,3199,4.19,182.2158679889041,25
624,Female,Africa,1992,D,401,3272,4.01,203.48132163357195,31
625,Female,Africa,1989,B,348,2548,3.48,210.39767472585547,34
626,Female,Africa,1990,C,440,2611,4.4,134.86570247933884,33
627,Male,Africa,1997,A,328,2980,3.28,276.9928613920286,26
628,Female,Asia,1960,A,408,2186,4.08,131.31968473663974,63
629,Male,Asia,1978,A,433,1903,4.33,101.49928795822689,45
630,Male,Asia,1965,E,472,2649,4.72,118.90440965239875,58
631,Female,Africa,1970,E,422,2731,4.22,153.3545967071719,53
632,Male,Asia,1961,B,523,2868,5.23,104.8517707446011,62
633,Male,Africa,1969,A,449,2251,4.49,111.65619218158638,54
634,Male,Asia,1986,E,463,2988,4.63,139.38582537587058,37
635,Female,Asia,1993,B,424,3044,4.24,169.32182271270912,30
636,Female,Africa,1992,E,322,3082,3.22,297.2493345164152,31
637,Female,Asia,1990,A,457,2305,4.57,110.3668200470196,33
638,Female,Asia,1980,B,409,1917,4.09,114.59759327120237,43
639,Female,Asia,1968,A,409,2170,4.09,129.7218452783042,55
640,Male,Africa,1962,A,380,1870,3.8,129.50138504155126,61
641,Male,Africa,1993,D,382,3134,3.82,214.76933198103123,30
642,Male,Asia,1977,D,485,1970,4.85,83.7496014454246,46
643,Male,Africa,1972,C,329,1955,3.29,180.61547842314835,51
644,Female,Asia,1965,C,523,2797,5.23,102.25606791236028,58
645,Female,Asia,1979,D,421,2055,4.21,115.94382789535153,44
646,Male,Asia,1970,E,503,1983,5.03,78.37665853783857,53
647,Female,Africa,1986,D,372,2467,3.72,178.27205457278296,37
648,Male,Asia,1962,D,425,2725,4.25,150.8650519031142,61
649,Female,Asia,1988,D,480,2613,4.8,113.41145833333334,35
650,Female,Africa,1994,B,337,2316,3.37,203.9288890454261,29
651,Female,Africa,1975,B,412,2151,4.12,126.7202375341691,48
652,Female,Africa,1984,B,400,2278,4.0,142.375,39
653,Female,Africa,1997,A,346,3189,3.46,266.3804336930736,26
654,Female,Africa,1985,D,322,2801,3.22,270.1477566451911,38
655,Male,Africa,1967,B,329,2064,3.29,190.68559972653617,56
656,Female,Africa,1996,E,391,3243,3.91,212.12577102452232,27
657,Female,Africa,1999,E,398,2372,3.98,149.74369334107723,24
658,Female,Asia,1978,A,496,2207,4.96,89.70961238293444,45
659,Male,Asia,1969,B,466,2925,4.66,134.6957947282138,54
660,Female,Africa,1986,A,345,3046,3.45,255.91262339844567,37
661,Male,Asia,1970,E,458,1852,4.58,88.28969699281096,53
662,Male,Asia,1980,B,410,2300,4.1,136.82331945270673,43
663,Female,Africa,1991,A,383,3187,3.83,217.26237141162594,32
664,Female,Africa,1989,D,431,2324,4.31,125.10699231808617,34
665,Female,Africa,1995,C,424,3013,4.24,167.59745461018153,28
666,Male,Asia,1994,C,426,3099,4.26,170.766382331548,29
667,Female,Asia,1970,E,483,2647,4.83,113.46441538177967,53
668,Male,Asia,1969,B,498,2474,4.98,99.75645554103964,54
669,Male,Asia,1977,B,437,2573,4.37,134.73390969214898,46
670,Female,Africa,1990,D,372,2445,3.72,176.68227540756155,33
671,Male,Asia,1968,E,511,2151,5.11,82.37560364735123,55
672,Male,Asia,1995,B,447,2818,4.47,141.03468812716144,28
673,Female,Africa,1969,C,383,2598,3.83,177.10939470580615,54
674,Female,Africa,1969,B,330,2415,3.3,221.76308539944907,54
675,Male,Africa,1999,A,396,3000,3.96,191.30700948882767,24
676,Female,Asia,1992,A,522,2235,5.22,82.0231646628793,31
677,Female,Asia,1974,D,466,2011,4.66,92.60623699091896,49
678,Male,Africa,1987,A,343,2710,3.43,230.34619928771173,36
679,Male,Asia,1991,E,514,2074,5.14,78.50232403215796,32
680,Male,Asia,1987,D,449,2147,4.49,106.49748761166857,36
681,Female,Asia,1972,A,503,2400,5.03,94.85828567363215,51
682,Female,Africa,1988,B,379,3069,3.79,213.65766041729032,35
683,Female,Asia,1999,B,483,2524,4.83,108.1919850485878,24
684,Male,Africa,1974,D,358,2467,3.58,192.48775007022252,49
685,Male,Asia,1983,B,427,2637,4.27,144.62866576353736,40
686,Female,Asia,1961,A,507,3028,5.07,117.79855202704542,62
687,Female,Africa,1986,C,343,2866,3.43,243.6059805013217,37
688,Male,Africa,1977,C,397,2098,3.97,133.1142257104607,46
689,Female,Africa,1998,C,414,2698,4.14,157.4132418492847,25
690,Male,Asia,1984,B,507,2712,5.07,105.50517605592707,39
691,Female,Asia,1992,E,408,3101,4.08,186.28652441368703,31
692,Female,Africa,1970,A,344,2183,3.44,184.47471606273663,53
693,Female,Asia,1974,A,400,2214,4.0,138.375,49
694,Female,Africa,1965,C,367,2361,3.67,175.29271135727492,58
695,Female,Africa,1991,E,445,2150,4.45,108.57214998106299,32
696,Female,Asia,1995,A,491,2111,4.91,87.56393079504399,28
697,Male,Asia,1994,E,402,2553,4.02,157.97876290190842,29
698,Female,Asia,1970,E,494,2614,4.94,107.11534363782391,53
699,Male,Asia,1960,D,486,2060,4.86,87.21570221341597,63
700,Male,Asia,1998,B,489,2370,4.89,99.11300136750852,25
701,Male,Asia,1976,A,472,2097,4.72,94.12704682562483,47
702,Male,Africa,1966,A,375,2344,3.75,166.68444444444444,57
703,Male,Asia,1991,E,453,2506,4.53,122.11940022123785,32
704,Female,Africa,1963,E,375,2637,3.75,187.52,60
705,Male,Asia,1970,B,461,2211,4.61,104.03677754198408,53
706,Male,Asia,1999,A,482,2302,4.82,99.08575954270759,24
707,Female,Asia,1993,B,513,3271,5.13,124.2927548457455,30
708,Female,Africa,1996,E,409,2731,4.09,163.25823016361693,27
709,Male,Asia,1993,E,514,2895,5.14,109.57773774016262,30
710,Female,Africa,1997,E,347,2259,3.47,187.610560672375,26
711,Female,Asia,1965,D,408,2611,4.08,156.85073048827374,58
712,Female,Africa,1961,B,383,2591,3.83,176.63219464308844,62
713,Female,Asia,1982,D,405,2103,4.05,128.212162780064,41
714,Male,Asia,1986,A,443,2521,4.43,128.45925329555823,37
715,Male,Asia,1963,C,512,2288,5.12,87.2802734375,60
716,Male,Africa,1987,E,364,3034,3.64,228.98804492211084,36
717,Male,Asia,1991,A,407,2375,4.07,143.3754505007576,32
718,Female,Africa,1992,C,371,2984,3.71,216.79586751040753,31
719,Male,Africa,1999,C,351,2009,3.51,163.0668582235534,24
720,Male,Asia,1980,C,398,2851,3.98,179.98282871644653,43
721,Male,Africa,1971,A,353,2281,3.53,183.05258849681806,52
722,Male,Asia,1972,D,438,2979,4.38,155.28241696378308,51
723,Male,Africa,1974,C,353,2370,3.53,190.19492974022745,49
724,Female,Asia,1977,D,421,2833,4.21,159.83886346838486,46
725,Male,Africa,1989,C,371,2862,3.71,207.93222949557182,34
726,Male,Africa,1966,E,400,2611,4.0,163.1875,57
727,Female,Africa,1967,C,405,2091,4.05,127.48056698673983,56
728,Male,Asia,1991,A,521,2718,5.21,100.13225710191166,32
729,Female,Asia,1987,B,474,2558,4.74,113.85283697413163,36
730,Female,Asia,1989,C,498,3116,4.98,125.64313478814856,34
731,Male,Africa,1978,D,426,2852,4.26,157.15576715378344,45
732,Female,Africa,1961,B,365,2032,3.65,152.5239256896228,62
733,Female,Asia,1967,E,492,2012,4.92,83.1185141119704,56
734,Male,Asia,1996,C,521,2019,5.21,74.38080466841782,27
735,Male,Asia,1980,A,430,2538,4.3,137.26338561384534,43
736,Male,Africa,1999,B,324,3179,3.24,302.8311233043743,24
737,Female,Africa,1999,A,417,2236,4.17,128.58777726020622,24
738,Male,Asia,1969,D,522,2217,5.22,81.36257541727221,54
739,Male,Africa,1968,E,380,1844,3.8,127.70083102493075,55
740,Female,Asia,1996,C,416,3196,4.16,184.68010355029583,27
741,Female,Asia,1978,E,437,2063,4.37,108.02800454524032,45
742,Male,Asia,1997,C,475,2460,4.75,109.03047091412742,26
743,Female,Africa,1983,B,326,2996,3.26,281.90748616809066,40
744,Male,Africa,1977,D,420,2702,4.2,153.17460317460316,46
745,Male,Asia,1986,B,420,2235,4.2,126.70068027210884,37
746,Male,Asia,1969,E,399,2089,3.99,131.21776873260845,54
747,Male,Africa,1991,B,364,2925,3.64,220.76138147566718,32
748,Female,Africa,1972,B,388,2666,3.88,177.09108300563292,51
749,Female,Africa,1995,B,360,3236,3.6,249.69135802469134,28
750,Male,Asia,1964,C,440,2047,4.4,105.73347107438015,59
751,Female,Asia,1992,A,524,2205,5.24,80.30563486976283,31
752,Female,Africa,1997,B,426,2967,4.26,163.49269324869408,26
753,Male,Africa,1977,C,412,2713,4.12,159.82891884249224,46
754,Female,Africa,1997,D,448,2977,4.48,148.32788584183672,26
755,Female,Africa,1987,D,422,2245,4.22,126.0641045798612,36
756,Female,Africa,1963,B,399,2847,3.99,178.8305349840767,60
757,Female,Africa,1986,E,399,3142,3.99,197.36056934315738,37
758,Female,Africa,1982,E,397,2986,3.97,189.45618587771003,41
759,Male,Asia,1997,B,420,2951,4.2,167.29024943310657,26
760,Male,Africa,1968,C,339,1802,3.39,156.80336927106447,55
761,Female,Asia,1970,E,450,2194,4.5,108.34567901234568,53
762,Male,Asia,1965,A,491,1913,4.91,79.35092354851689,58
763,Female,Africa,1977,A,418,2295,4.18,131.35001488061172,46
764,Female,Asia,1991,D,494,2928,4.94,119.98229769378287,32
765,Male,Africa,1995,C,361,2495,3.61,191.4503418482056,28
766,Female,Africa,1981,B,337,2403,3.37,211.58943021423096,42
767,Female,Asia,1976,E,478,2678,4.78,117.20733180441518,47
768,Female,Asia,1985,C,424,2485,4.24,138.22757208971163,38
769,Male,Africa,1960,D,437,2441,4.37,127.82179306589026,63
770,Female,Africa,1990,B,325,2244,3.25,212.44970414201183,33
771,Female,Asia,1961,E,473,2395,4.73,107.04915321661473,62
772,Female,Asia,1987,A,501,2421,5.01,96.45379898884866,36
773,Male,Africa,1970,C,352,2055,3.52,165.85420971074382,53
774,Male,Asia,1972,D,471,2307,4.71,103.99340067886459,51
775,Female,Asia,1987,C,398,2569,3.98,162.180247973536,36
776,Female,Africa,1981,E,360,2991,3.6,230.787037037037,42
777,Female,Africa,1976,D,426,2400,4.26,132.24889241552603,47
778,Female,Africa,1986,E,361,3181,3.61,244.08959415596874,37
779,Male,Africa,1963,D,385,2650,3.85,178.7822567043346,60
780,Male,Africa,1981,B,404,1810,4.04,110.89599058915792,42
781,Male,Asia,1981,D,403,2988,4.03,183.979951849959,42
782,Male,Asia,1977,E,511,2485,5.11,95.16660858376001,46
783,Female,Asia,1979,E,427,1939,4.27,106.34622029408379,44
784,Female,Asia,1981,B,407,2858,4.07,172.53348948680642,42
785,Female,Asia,1969,D,455,2086,4.55,100.76077768385463,54
786,Male,Africa,1985,E,415,3077,4.15,178.66163448976624,38
787,Male,Asia,1992,D,431,3018,4.31,162.46682565231671,31
788,Female,Asia,1974,D,478,2362,4.78,103.3770417184573,49
789,Female,Asia,1972,E,434,2235,4.34,118.6582853745036,51
790,Female,Africa,1987,C,443,3032,4.43,154.49760253555434,36
791,Male,Africa,1963,C,361,2025,3.61,155.3855479930326,60
792,Female,Africa,1995,B,333,2879,3.33,259.6289983677371,28
793,Male,Asia,1997,A,459,2566,4.59,121.79551074847757,26
794,Male,Asia,1999,D,414,2811,4.14,164.00616117062245,24
795,Female,Asia,1980,D,433,2487,4.33,132.64778200321086,43
796,Female,Africa,1966,C,360,2248,3.6,173.45679012345678,57
797,Female,Asia,1973,E,443,2025,4.43,103.18523916045434,50
798,Female,Asia,1973,E,441,1964,4.41,100.98672878070352,50
799,Female,Asia,1964,B,475,2563,4.75,113.59556786703601,59
800,Male,Africa,1997,A,351,2890,3.51,234.57601805180155,26
801,Female,Asia,1991,D,410,3049,4.1,181.38013087447948,32
802,Female,Asia,1966,B,487,2086,4.87,87.95415927039367,57
803,Female,Asia,1966,B,453,2422,4.53,118.02601250432485,57
804,Female,Africa,1968,D,346,2953,3.46,246.66711216545824,55
805,Male,Asia,1989,B,517,2266,5.17,84.77715132309972,34
806,Male,Asia,1981,D,437,2263,4.37,118.50090852442018,42
807,Male,Asia,1960,E,486,1919,4.86,81.24608376094429,63
808,Female,Asia,1984,A,449,2173,4.49,107.78716375414803,39
809,Male,Asia,1962,E,495,2967,4.95,121.08968472604836,61
810,Female,Asia,1965,D,398,2357,3.98,148.79674755687986,58
811,Male,Africa,1986,A,380,2267,3.8,156.99445983379502,37
812,Female,Asia,1971,E,436,1913,4.36,100.63336419493308,52
813,Female,Asia,1965,E,481,2723,4.81,117.69485781959797,58
814,Female,Asia,1971,B,501,2026,5.01,80.71680989318769,52
815,Male,Africa,1992,B,354,2758,3.54,220.0836285869322,31
816,Male,Africa,1974,D,363,2592,3.63,196.70787514514035,49
817,Female,Asia,1998,A,484,2171,4.84,92.67638822484803,25
818,Male,Asia,1995,B,465,2519,4.65,116.49901722742513,28
819,Female,Africa,1999,E,404,2915,4.04,178.5976865013234,24
820,Female,Africa,1969,B,406,2715,4.06,164.70916547356165,54
821,Male,Africa,1965,D,367,2851,3.67,211.67281663684489,58
822,Male,Africa,1979,A,382,2838,3.82,194.48480030700912,44
823,Female,Africa,1987,B,342,2856,3.42,244.17769570124142,36
824,Male,Asia,1990,E,404,2977,4.04,182.39633369277522,33
825,Male,Africa,1999,E,376,3120,3.76,220.6880941602535,24
826,Female,Africa,1977,E,354,2266,3.54,180.82287975996678,46
827,Male,Asia,1967,A,461,2116,4.61,99.56663106234207,56
828,Male,Africa,1967,C,437,2613,4.37,136.82849048798494,56
829,Male,Africa,1984,E,389,2404,3.89,158.8675729079242,39
830,Male,Asia,1974,C,458,2630,4.58,125.37899734940217,49
831,Male,Asia,1985,B,439,2581,4.39,133.9241701734632,38
832,Male,Africa,1981,A,330,2785,3.3,255.73921028466486,42
833,Female,Africa,1969,D,438,2015,4.38,105.03325618731887,54
834,Female,Africa,1998,A,407,3119,4.07,188.28969688920546,25
835,Female,Asia,1969,A,519,2349,5.19,87.2063884526713,54
836,Male,Asia,1990,B,425,2486,4.25,137.6332179930796,33
837,Male,Africa,1968,C,428,2257,4.28,123.20945060703991,55
838,Female,Africa,1961,B,394,3021,3.94,194.6069210750084,62
839,Male,Africa,1978,D,393,1808,3.93,117.06129531431087,45
840,Male,Asia,1963,C,423,2723,4.23,152.1832682237088,60
841,Female,Africa,1973,C,359,2506,3.59,194.44293573141115,50
842,Male,Asia,1996,C,400,3116,4.0,194.75,27
843,Female,Asia,1982,B,418,2333,4.18,133.5248735148005,41
844,Female,Africa,1982,B,323,2746,3.23,263.20582005003405,41
845,Male,Africa,1993,D,399,3124,3.99,196.2299231788745,30
846,Male,Africa,1989,C,323,2415,3.23,231.47926271698185,34
847,Male,Africa,1994,A,438,2928,4.38,152.62400700569214,29
848,Male,Africa,1996,A,374,2733,3.74,195.38734307529523,27
849,Female,Africa,1996,B,353,2800,3.53,224.70287057917167,27
850,Female,Asia,1990,D,505,2632,5.05,103.20556808156064,33
851,Female,Asia,1960,D,518,2659,5.18,99.09661454063,63
852,Female,Asia,1978,A,442,2571,4.42,131.60049958027068,45
853,Female,Asia,1962,D,500,2470,5.0,98.8,61
854,Male,Africa,1962,B,427,2389,4.27,131.02687998069425,61
855,Male,Africa,1986,B,366,2424,3.66,180.95494042820027,37
856,Male,Asia,1969,E,481,2929,4.81,126.5986920872576,54
857,Male,Asia,1976,B,439,2312,4.39,119.96616871020804,47
858,Male,Asia,1979,B,457,2524,4.57,120.85286498858025,44
859,Male,Asia,1975,B,428,2988,4.28,163.11468250502227,48
860,Female,Asia,1994,A,453,2476,4.53,120.65747603662606,29
861,Male,Asia,1966,B,511,2610,5.11,99.95366132942199,57
862,Male,Asia,1999,C,460,2460,4.6,116.25708884688093,24
863,Male,Africa,1965,A,364,1954,3.64,147.47615022340295,58
864,Male,Asia,1980,E,405,1841,4.05,112.23898795915257,43
865,Female,Africa,1995,B,414,3140,4.14,183.20147494690661,28
866,Male,Asia,1986,C,464,2974,4.64,138.13540428061833,37
867,Male,Africa,1976,B,385,1960,3.85,132.23140495867767,47
868,Male,Africa,1983,B,448,2321,4.48,115.64293686224488,40
869,Male,Africa,1997,B,415,2885,4.15,167.51342720278703,26
870,Male,Africa,1974,A,357,2231,3.57,175.05041232179147,49
871,Male,Asia,1985,A,401,2532,4.01,157.46170732769076,38
872,Female,Africa,1976,A,408,2100,4.08,126.15340253748559,47
873,Male,Africa,1991,A,379,2181,3.79,151.83687108833828,32
874,Male,Africa,1982,D,364,2757,3.64,208.08175341142373,41
875,Female,Africa,1973,C,431,2008,4.31,108.09588665005035,50
876,Female,Africa,1987,D,418,3122,4.18,178.68180673519382,36
877,Female,Africa,1963,E,396,2675,3.96,170.58208346087133,60
878,Female,Asia,1982,B,473,3083,4.73,137.8006427418886,41
879,Female,Asia,1987,A,397,3222,3.97,204.4299500663033,36
880,Male,Africa,1975,E,421,2481,4.21,139.9788987875266,48
881,Female,Asia,1994,A,475,3299,4.75,146.21606648199446,29
882,Female,Africa,1974,E,431,2836,4.31,152.66929010933407,49
883,Male,Africa,1963,D,383,2393,3.83,163.13425001193,60
884,Female,Asia,1995,C,432,2893,4.32,155.01757544581616,28
885,Female,Africa,1994,E,412,2627,4.12,154.7624658308983,29
886,Female,Asia,1984,B,520,3139,5.2,116.08727810650886,39
887,Male,Africa,1996,E,324,3168,3.24,301.78326474622764,27
888,Male,Africa,1970,C,351,1879,3.51,152.51499581983916,53
889,Male,Africa,1988,D,364,2599,3.64,196.15686511290906,35
890,Female,Asia,1972,C,475,1964,4.75,87.04709141274238,51
891,Male,Africa,1984,C,366,2100,3.66,156.76789393532204,39
892,Female,Africa,1971,A,423,2660,4.23,148.66231857328881,52
893,Male,Asia,1984,E,519,2401,5.19,89.13688321620427,39
894,Male,Asia,1972,D,463,2202,4.63,102.72007613041066,51
895,Male,Africa,1967,D,326,2758,3.26,259.5129662388498,56
896,Male,Asia,1971,B,427,2061,4.27,113.03742136467596,52
897,Male,Africa,1974,B,397,2733,3.97,173.40380308231127,49
898,Female,Africa,1978,A,399,2860,3.99,179.64711276939212,45
899,Male,Africa,1966,A,343,2123,3.43,180.45202254162805,57
900,Male,Africa,1973,C,320,2683,3.2,262.01171874999994,50
901,Male,Asia,1971,B,518,2719,5.18,101.332717162833,52
902,Female,Asia,1979,B,476,2466,4.76,108.83765270814209,44
903,Male,Africa,1985,D,383,2689,3.83,183.31299552113654,38
904,Female,Asia,1961,B,489,2207,4.89,92.29636878400477,62
905,Male,Asia,1998,A,521,2520,5.21,92.83785426667306,25
906,Female,Asia,1987,B,476,2546,4.76,112.3684768024857,36
907,Male,Africa,1985,C,442,2300,4.42,117.72895722855797,38
908,Female,Africa,1972,B,351,2172,3.51,176.29727031436437,51
909,Male,Africa,1965,B,329,1812,3.29,167.40421836457534,58
910,Female,Africa,1963,C,375,2355,3.75,167.46666666666667,60
911,Female,Asia,1960,E,481,3028,4.81,130.8777192353076,63
912,Female,Asia,1963,D,412,2631,4.12,154.99811480818173,60
913,Female,Asia,1980,E,430,3079,4.3,166.52244456462955,43
914,Female,Asia,1975,E,461,2335,4.61,109.87149505225365,48
915,Female,Africa,1995,D,344,2525,3.44,213.37547322877234,28
916,Male,Africa,1974,E,354,2872,3.54,229.180631363912,49
917,Female,Asia,1986,E,497,3182,4.97,128.82121704067464,37
918,Male,Asia,1968,A,438,2548,4.38,132.81624653364193,55
919,Female,Asia,1976,D,494,2656,4.94,108.83640118671013,47
920,Female,Asia,1983,E,407,3199,4.07,193.11918574817835,40
921,Male,Africa,1993,A,404,2277,4.04,139.50838153122243,30
922,Female,Asia,1981,A,515,2878,5.15,108.51164105947778,42
923,Male,Asia,1991,C,466,2265,4.66,104.3028974562066,32
924,Male,Africa,1969,B,417,2728,4.17,156.88168889348952,54
925,Male,Asia,1982,C,481,1983,4.81,85.71021045033521,41
926,Male,Asia,1991,D,489,2322,4.89,97.10564944107797,32
927,Female,Asia,1991,A,481,3134,4.81,135.45930385847228,32
928,Male,Africa,1995,E,361,2633,3.61,202.03957919291597,28
929,Female,Africa,1963,E,348,2739,3.48,226.16924296472453,60
930,Male,Asia,1964,E,463,2335,4.63,108.92433140985871,59
931,Male,Asia,1995,A,420,2903,4.2,164.5691609977324,28
932,Male,Africa,1970,A,370,2700,3.7,197.2242512783053,53
933,Female,Africa,1970,B,443,2609,4.43,132.94335257759278,53
934,Female,Africa,1961,D,334,2751,3.34,246.60260317687977,62
935,Male,Africa,1988,E,327,2467,3.27,230.7138381542893,35
936,Male,Africa,1974,B,355,2622,3.55,208.05395754810556,49
937,Female,Africa,1994,A,399,2607,3.99,163.75525279363822,29
938,Female,Africa,1978,C,398,2460,3.98,155.29910860836847,45
939,Male,Africa,1979,B,437,2215,4.37,115.98741156941702,44
940,Male,Africa,1988,D,376,2700,3.76,190.98008148483478,35
941,Male,Asia,1960,A,476,2570,4.76,113.4277240307888,63
942,Male,Asia,1996,A,487,2250,4.87,94.86905961571705,27
943,Male,Asia,1983,D,478,2245,4.78,98.25633304739063,40
944,Female,Asia,1974,D,417,3031,4.17,174.3065978871579,49
945,Male,Asia,1985,C,411,2346,4.11,138.88148898005574,38
946,Male,Asia,1979,C,422,1943,4.22,109.10581523326071,44
947,Male,Africa,1964,E,374,2549,3.74,182.23283479653404,59
948,Male,Asia,1964,C,483,2220,4.83,95.16093772102414,59
949,Male,Africa,1990,D,323,2083,3.23,199.65685475754583,33
950,Male,Asia,1962,E,437,1884,4.37,98.65475548387434,61
951,Female,Asia,1967,C,460,2686,4.6,126.93761814744803,56
952,Female,Africa,1981,D,433,2591,4.33,138.19477409341349,42
953,Male,Africa,1960,E,370,2873,3.7,209.86121256391525,63
954,Male,Africa,1983,B,371,2710,3.71,196.8890083623339,40
955,Male,Africa,1972,E,427,2409,4.27,132.12379818898805,51
956,Male,Asia,1988,A,514,2963,5.14,112.15158442974158,35
957,Female,Asia,1990,A,470,3276,4.7,148.30239927569033,33
958,Female,Africa,1992,C,409,2422,4.09,144.78631763320402,31
959,Male,Asia,1962,A,485,2200,4.85,93.52747369539803,61
960,Male,Asia,1989,D,443,3004,4.43,153.0708436730888,34
961,Male,Asia,1962,A,470,2644,4.7,119.69216840199184,61
962,Female,Asia,1975,B,506,2971,5.06,116.03836960427441,48
963,Female,Asia,1979,E,457,2899,4.57,138.8084213953622,44
964,Male,Africa,1973,E,443,2957,4.43,150.67592701109308,50
965,Female,Asia,1984,C,441,2237,4.41,115.02408975684,39
966,Male,Asia,1990,E,401,3133,4.01,194.837096784224,33
967,Female,Africa,1988,B,365,2105,3.65,158.00337774441735,35
968,Female,Asia,1970,D,424,2190,4.24,121.81826272694907,53
969,Male,Africa,1992,A,426,2378,4.26,131.03661090171704,31
970,Female,Asia,1974,E,462,2397,4.62,112.30111879462528,49
971,Male,Africa,1978,C,329,2683,3.29,247.8728023577018,45
972,Female,Asia,1975,C,431,1969,4.31,105.99641474798264,48
973,Female,Africa,1981,D,329,2691,3.29,248.61189382951008,42
974,Male,Asia,1995,C,407,2494,4.07,150.55931517847978,28
975,Male,Asia,1988,A,422,2177,4.22,122.24568181307698,35
976,Female,Africa,1967,A,445,2686,4.45,135.63943946471403,56
977,Female,Africa,1964,E,329,2046,3.29,189.02264391496755,59
978,Female,Asia,1994,E,430,3174,4.3,171.66035694970256,29
979,Male,Africa,1991,E,332,2343,3.32,212.56713601393528,32
980,Female,Asia,1963,A,513,2696,5.13,102.4436768768358,60
981,Female,Africa,1976,A,349,2044,3.49,167.8147141649083,47
982,Male,Asia,1997,D,496,2048,4.96,83.24661810613944,26
983,Male,Africa,1979,A,330,2123,3.3,194.94949494949498,44
984,Male,Asia,1981,C,470,2858,4.7,129.37980986871887,42
985,Male,Asia,1968,A,486,1947,4.86,82.43153990753441,55
986,Male,Africa,1998,A,435,2090,4.35,110.45052186550406,25
987,Female,Africa,1971,C,351,2817,3.51,228.65074147125432,52
988,Male,Africa,1979,C,440,2211,4.4,114.20454545454544,44
989,Female,Africa,1960,A,357,2276,3.57,178.58123641613508,63
990,Female,Africa,1965,D,438,2838,4.38,147.9326953149434,58
991,Male,Asia,1996,D,438,2266,4.38,118.11680323596255,27
992,Male,Africa,1983,E,435,2549,4.35,134.7073589641961,40
993,Female,Africa,1963,E,415,2560,4.15,148.64276382638985,60
994,Female,Asia,1983,B,497,2230,4.97,90.28011125100706,40
995,Female,Africa,1961,E,368,2095,3.68,154.6993147448015,62
996,Male,Asia,1986,A,478,2006,4.78,87.79608200136552,37
997,Male,Asia,1964,C,420,2502,4.2,141.83673469387756,59
998,Female,Africa,1982,A,408,1951,4.08,117.20251826220685,41
999,Female,Asia,1981,E,515,3055,5.15,115.18522009614476,42
1000,Male,Asia,1964,D,408,2901,4.08,174.27191464821223,59
1001,Female,Africa,1965,C,404,2576,4.04,157.82766395451426,58
1002,Female,Africa,1969,B,383,3047,3.83,207.7183701572715,54
1003,Male,Africa,1974,E,357,2711,3.57,212.71253599479007,49
1004,Female,Asia,1971,D,396,3083,3.96,196.59983675135192,52
1005,Female,Africa,1982,B,360,2156,3.6,166.35802469135803,41
1006,Male,Africa,1998,E,404,2936,4.04,179.88432506617,25
1007,Male,Africa,1992,A,384,2979,3.84,202.0263671875,31
1008,Male,Asia,1970,A,465,2077,4.65,96.05734767025089,53
1009,Female,Africa,1990,A,366,3270,3.66,244.11000627071573,33
1010,Male,Asia,1994,A,450,3046,4.5,150.41975308641975,29
1011,Female,Asia,1977,E,412,2814,4.12,165.77905551889904,46
1012,Male,Asia,1991,B,459,2089,4.59,99.15464612376057,32
1013,Male,Africa,1990,E,332,2444,3.32,221.7302946726666,33
1014,Male,Asia,1968,A,432,2317,4.32,124.15337791495197,55
1015,Female,Asia,1979,B,407,1962,4.07,118.44321426631008,44
1016,Male,Asia,1989,B,418,3025,4.18,173.1301939058172,34
1017,Female,Africa,1974,A,363,2554,3.63,193.82404055582117,49
1018,Male,Africa,1991,D,348,2624,3.48,216.67327255912272,32
1019,Male,Asia,1992,A,405,2188,4.05,133.3942996494437,31
1020,Male,Africa,1968,C,426,2151,4.26,118.52806982741521,55
1021,Female,Asia,1999,B,451,2327,4.51,114.40455061676197,24
1022,Male,Africa,1992,D,338,2512,3.38,219.88025629354718,31
1023,Female,Africa,1969,A,364,2531,3.64,191.02463470595336,54
1024,Male,Asia,1992,B,457,3195,4.57,152.98134058578205,31
1025,Female,Asia,1983,A,503,3143,5.03,124.22482994676078,40
1026,Male,Asia,1997,B,444,2774,4.44,140.715039363688,26
1027,Male,Africa,1978,A,344,2148,3.44,181.51703623580315,45
1028,Female,Asia,1971,D,413,2533,4.13,148.50295188457457,52
1029,Female,Asia,1961,D,447,2333,4.47,116.76150723941365,62
1030,Male,Africa,1976,D,325,2329,3.25,220.49704142011834,47
1031,Female,Asia,1974,B,489,2187,4.89,91.45997214799203,49
1032,Male,Asia,1992,A,510,2828,5.1,108.72741253364092,31
1033,Female,Africa,1983,A,423,2512,4.23,140.39088129928626,40
1034,Male,Africa,1998,E,328,2104,3.28,195.56811421772758,25
1035,Male,Africa,1964,B,382,2442,3.82,167.34738631068228,59
1036,Female,Asia,1960,E,510,2760,5.1,106.11303344867359,63
1037,Male,Asia,1996,A,522,3032,5.22,111.27258848225952,27
1038,Male,Asia,1961,C,425,2738,4.25,151.5847750865052,62
1039,Female,Africa,1966,E,445,2708,4.45,136.75041030172957,57
1040,Male,Africa,1980,D,392,2584,3.92,168.15910037484383,43
1041,Female,Asia,1968,E,488,2169,4.88,91.07934694974469,55
1042,Female,Africa,1990,C,347,2789,3.47,231.62720394654883,33
1043,Male,Asia,1978,B,476,2988,4.76,131.87627992373422,45
1044,Male,Asia,1973,D,453,2506,4.53,122.11940022123785,50
1045,Female,Asia,1968,E,458,2227,4.58,106.16693045517819,55
1046,Female,Africa,1961,D,435,1917,4.35,101.30796670630204,62
1047,Female,Asia,1991,B,421,2193,4.21,123.72983677591527,32
1048,Male,Asia,1978,B,484,2182,4.84,93.14595997541151,45
1049,Female,Asia,1964,A,514,2633,5.14,99.66085784796138,59
1050,Female,Africa,1967,C,374,2575,3.74,184.09162400983726,56
1051,Male,Africa,1964,B,389,2778,3.89,183.5832435683084,59
1052,Male,Asia,1987,C,405,2257,4.05,137.60097546105777,36
1053,Female,Africa,1994,D,330,3284,3.3,301.5610651974289,29
1054,Male,Asia,1995,E,432,2539,4.32,136.0489540466392,28
1055,Male,Africa,1985,C,399,3174,3.99,199.37060696854917,38
1056,Male,Africa,1992,A,419,3107,4.19,176.97552417678182,31
1057,Male,Africa,1988,C,415,2800,4.15,162.57802293511392,35
1058,Male,Africa,1994,A,381,2514,3.81,173.18701304069276,29
1059,Female,Asia,1996,B,419,2786,4.19,158.69128109318126,27
1060,Female,Asia,1993,C,496,3256,4.96,132.34911550468263,30
1061,Female,Africa,1997,B,405,2231,4.05,136.0158512421887,26
1062,Male,Asia,1983,A,501,2398,5.01,95.53746797821523,40
1063,Male,Asia,1964,D,429,2996,4.29,162.7898131394635,59
1064,Female,Africa,1980,A,429,2205,4.29,119.81025967039953,43
1065,Male,Africa,1988,D,432,2530,4.32,135.56670096021946,35
1066,Male,Africa,1986,E,446,2452,4.46,123.26811317339983,37
1067,Male,Asia,1979,B,425,2908,4.25,160.99653979238755,44
1068,Male,Asia,1990,D,426,2537,4.26,139.79810002424566,33
1069,Female,Africa,1999,D,390,3290,3.9,216.30506245890862,24
1070,Female,Africa,1984,A,329,2692,3.29,248.7042802634861,39
1071,Female,Asia,1966,D,413,1997,4.13,117.07871887623192,57
1072,Male,Africa,1975,B,348,2379,3.48,196.44272691240587,48
1073,Female,Asia,1982,E,458,3028,4.58,144.3527011307946,41
1074,Female,Asia,1971,C,454,2872,4.54,139.33901298298045,52
1075,Male,Asia,1972,D,502,1838,5.02,72.93535023253601,51
1076,Female,Africa,1967,C,365,2214,3.65,166.18502533308313,56
1077,Male,Africa,1984,B,376,3143,3.76,222.31496152105026,39
1078,Female,Africa,1977,A,326,2203,3.26,207.29045127780498,46
1079,Male,Asia,1961,A,507,2641,5.07,102.74305677127707,62
1080,Female,Africa,1985,D,424,2678,4.24,148.9631541473834,38
1081,Male,Asia,1973,D,516,2948,5.16,110.72050958476052,50
1082,Female,Africa,1977,A,401,2820,4.01,175.37204370619588,46
1083,Female,Africa,1971,A,446,2489,4.46,125.12819481590219,52
1084,Female,Africa,1964,D,354,2387,3.54,190.47847042676113,59
1085,Female,Africa,1994,B,388,2483,3.88,164.93516845573387,29
1086,Male,Asia,1978,E,501,2017,5.01,80.35824558467895,45
1087,Female,Africa,1982,D,404,2984,4.04,182.82521321439074,41
1088,Male,Asia,1964,A,502,1992,5.02,79.04636434342314,59
1089,Male,Africa,1986,D,398,2384,3.98,150.50124996843513,37
1090,Male,Asia,1986,A,450,2062,4.5,101.82716049382717,37
1091,Male,Asia,1979,C,431,2395,4.31,128.92910783210687,44
1092,Male,Asia,1995,A,503,2658,5.03,105.05555138354761,28
1093,Female,Asia,1986,A,426,2684,4.26,147.8983446846966,37
1094,Female,Asia,1969,B,516,2173,5.16,81.6131843038279,54
1095,Female,Africa,1985,E,431,3245,4.31,174.68682877460827,38
1096,Male,Africa,1993,C,410,2929,4.1,174.2415229030339,30
1097,Male,Africa,1981,C,425,1845,4.25,102.14532871972318,42
1098,Female,Asia,1986,C,473,2562,4.73,114.51354093568555,37
1099,Male,Africa,1996,D,335,2600,3.35,231.67743372688795,27
1100,Male,Asia,1998,A,435,2673,4.35,141.26040428061833,25
1101,Male,Asia,1973,D,404,2659,4.04,162.91294971081265,50
1102,Female,Africa,1965,C,398,2496,3.98,157.57177849044214,58
1103,Male,Asia,1992,C,456,3142,4.56,151.1041859033549,31
1104,Female,Africa,1960,A,403,2893,4.03,178.1305223232702,63
1105,Male,Asia,1965,D,510,1943,5.1,74.70203767781624,58
1106,Female,Asia,1989,E,500,2161,5.0,86.44,34
1107,Male,Africa,1983,D,361,2993,3.61,229.66367661389953,40
1108,Male,Africa,1997,D,410,2860,4.1,170.13682331945273,26
1109,Male,Africa,1975,A,385,2970,3.85,200.37105751391462,48
1110,Male,Asia,1970,B,427,2778,4.27,152.36193913200864,53
1111,Male,Africa,1999,E,384,2828,3.84,191.78602430555557,24
1112,Female,Africa,1969,D,344,2331,3.44,196.98147647376962,54
1113,Female,Africa,1969,E,324,2071,3.24,197.28318853833252,54
1114,Female,Asia,1974,A,453,2068,4.53,100.77530712590578,49
1115,Male,Asia,1967,A,479,2206,4.79,96.14672181519433,56
1116,Female,Africa,1997,C,337,2846,3.37,250.596553636996,26
1117,Female,Asia,1986,E,495,2545,4.95,103.86695235180083,37
1118,Male,Asia,1992,C,522,2981,5.22,109.40091895303947,31
1119,Male,Asia,1974,B,408,2898,4.08,174.0916955017301,49
1120,Male,Asia,1989,E,432,2657,4.32,142.37182784636488,34
1121,Male,Africa,1961,B,346,2198,3.46,183.60118948177353,62
1122,Female,Africa,1987,E,363,3007,3.63,228.20238447586306,36
1123,Female,Africa,1966,B,385,1961,3.85,132.2988699612076,57
1124,Female,Asia,1964,A,474,1976,4.74,87.94886859299613,59
1125,Male,Africa,1974,A,418,2032,4.18,116.2977038071473,49
1126,Male,Africa,1963,C,367,2161,3.67,160.44368879418514,60
1127,Male,Asia,1979,C,442,2241,4.42,114.70895354312975,44
1128,Male,Asia,1966,D,401,2988,4.01,185.81973992699054,57
1129,Male,Africa,1964,B,406,2856,4.06,173.26312213351457,59
1130,Male,Africa,1990,E,371,2196,3.71,159.54548426704253,33
1131,Female,Africa,1989,D,447,3231,4.47,161.7044277284807,34
1132,Male,Africa,1971,A,408,2642,4.08,158.71299500192234,52
1133,Male,Africa,1997,D,384,2281,3.84,154.69021267361111,26
1134,Female,Africa,1997,A,412,2152,4.12,126.77914977848997,26
1135,Male,Asia,1974,E,431,2882,4.31,155.14559030151648,49
1136,Male,Asia,1977,E,491,1864,4.91,77.31841165417433,46
1137,Female,Africa,1965,D,366,2412,3.66,180.05912389142702,58
1138,Female,Asia,1977,C,418,2566,4.18,146.86019092969485,46
1139,Female,Africa,1990,C,424,2841,4.24,158.02999288002846,33
1140,Female,Asia,1975,D,402,2627,4.02,162.55785747877533,48
1141,Female,Asia,1999,B,474,2958,4.74,131.65625166907012,24
1142,Male,Africa,1995,D,354,3048,3.54,243.22512687924925,28
1143,Female,Asia,1994,D,457,3277,4.57,156.9076222533984,29
1144,Male,Africa,1987,D,415,2942,4.15,170.82305124110897,36
1145,Male,Africa,1968,B,440,2789,4.4,144.05991735537188,55
1146,Female,Asia,1982,D,481,2384,4.81,103.04243152476003,41
1147,Male,Africa,1976,D,437,2702,4.37,141.48893275871998,47
1148,Female,Asia,1967,E,427,2343,4.27,128.5039681016185,56
1149,Male,Asia,1986,B,454,2911,4.54,141.23115139047914,37
1150,Female,Asia,1987,E,438,2440,4.38,127.18667250474344,36
1151,Female,Asia,1971,B,470,2636,4.7,119.33001358080578,52
1152,Female,Asia,1961,C,450,2229,4.5,110.07407407407408,62
1153,Female,Asia,1968,A,483,2063,4.83,88.4310876209337,55
1154,Male,Africa,1990,B,420,3195,4.2,181.12244897959184,33
1155,Female,Africa,1967,E,380,2467,3.8,170.84487534626038,56
1156,Female,Africa,1994,B,395,2104,3.95,134.85018426534208,29
1157,Female,Africa,1980,C,332,2634,3.32,238.96791987226013,43
1158,Male,Africa,1967,A,385,2681,3.85,180.87367178276267,56
1159,Male,Asia,1994,A,456,2002,4.56,96.27962449984612,29
1160,Female,Africa,1994,A,396,2541,3.96,162.03703703703704,29
1161,Female,Africa,1960,E,406,2415,4.06,146.50925768642776,63
1162,Female,Africa,1999,B,434,2552,4.34,135.48811824417592,24
1163,Female,Africa,1994,B,440,2310,4.4,119.3181818181818,29
1164,Female,Africa,1980,C,409,2321,4.09,138.74857276080368,43
1165,Female,Asia,1995,E,429,2941,4.29,159.80134861253742,28
1166,Female,Asia,1996,A,522,2601,5.22,95.45514599022329,27
1167,Male,Africa,1986,D,322,2857,3.22,275.54878284016814,37
1168,Female,Africa,1978,D,338,2888,3.38,252.79226917825008,45
1169,Male,Africa,1976,A,396,2425,3.96,154.63983267013572,47
1170,Female,Asia,1965,C,426,3026,4.26,166.74381185390908,58
1171,Male,Africa,1981,D,386,2329,3.86,156.3129211522457,42
1172,Male,Asia,1993,D,416,3003,4.16,173.5276442307692,30
1173,Male,Asia,1991,C,508,2538,5.08,98.3476966953934,32
1174,Male,Africa,1993,E,379,2314,3.79,161.0960658864809,30
1175,Male,Asia,1961,B,442,2155,4.42,110.30691427284454,62
1176,Male,Asia,1964,C,516,2035,5.16,76.43020251186827,59
1177,Male,Asia,1963,A,456,2373,4.56,114.12165281625117,60
1178,Female,Africa,1973,B,360,2576,3.6,198.76543209876542,50
1179,Female,Africa,1997,B,375,2213,3.75,157.36888888888888,26
1180,Male,Asia,1979,D,430,2836,4.3,153.3802055164954,44
1181,Female,Asia,1980,D,481,2898,4.81,125.25879469746415,43
1182,Female,Asia,1962,B,400,2067,4.0,129.1875,61
1183,Male,Asia,1975,D,521,2504,5.21,92.2484075729164,48
1184,Female,Asia,1980,D,475,1950,4.75,86.42659279778394,43
1185,Male,Africa,1998,D,428,2908,4.28,158.7474888636562,25
1186,Female,Asia,1974,A,405,2522,4.05,153.75704923030025,49
1187,Female,Asia,1982,D,499,2636,4.99,105.86302866253548,41
1188,Male,Asia,1981,D,508,2679,5.08,103.81145762291524,42
1189,Female,Africa,1970,B,334,2170,3.34,194.5211373659866,53
1190,Female,Asia,1998,A,505,3247,5.05,127.3208508969709,25
1191,Female,Asia,1987,C,436,3083,4.36,162.18121370255028,36
1192,Female,Africa,1996,E,382,2971,3.82,203.59913379567448,27
1193,Female,Asia,1991,B,517,3182,5.17,119.04717365847453,32
1194,Male,Africa,1990,A,328,2410,3.28,224.01100535395602,33
1195,Male,Africa,1995,E,363,2080,3.63,157.85199857326077,28
1196,Male,Asia,1961,E,523,2765,5.23,101.0861736781109,62
1197,Male,Africa,1970,B,424,2837,4.24,157.8074937700249,53
1198,Male,Asia,1960,D,496,2553,4.96,103.77373829344432,63
1199,Male,Africa,1975,D,345,2574,3.45,216.2570888468809,48
1200,Male,Africa,1962,A,331,2303,3.31,210.20253557378993,61
